date,temperature_mean_c,temperature_min_c,temperature_max_c,hdd,cdd,temperature_range_c,weather_location,latitude,longitude
2025-07-01,24.4,16.6,31.0,0.0,6.399999999999999,14.399999999999999,Prishtina,42.6629,21.1655
2025-07-02,24.1,15.2,31.6,0.0,6.100000000000001,16.400000000000002,Prishtina,42.6629,21.1655
2025-07-03,25.6,15.6,34.7,0.0,7.600000000000001,19.1,Prishtina,42.6629,21.1655
2025-07-04,27.6,18.0,35.7,0.0,9.600000000000001,17.700000000000003,Prishtina,42.6629,21.1655
2025-07-05,26.6,19.3,33.2,0.0,8.600000000000001,13.900000000000002,Prishtina,42.6629,21.1655
2025-07-06,28.0,18.5,36.0,0.0,10.0,17.5,Prishtina,42.6629,21.1655
2025-07-07,27.8,20.3,34.9,0.0,9.8,14.599999999999998,Prishtina,42.6629,21.1655
2025-07-08,26.0,20.9,31.7,0.0,8.0,10.8,Prishtina,42.6629,21.1655
2025-07-09,17.9,13.0,20.8,0.10000000000000142,0.0,7.800000000000001,Prishtina,42.6629,21.1655
2025-07-10,17.0,12.1,22.0,1.0,0.0,9.9,Prishtina,42.6629,21.1655
2025-07-11,17.4,10.5,23.7,0.6000000000000014,0.0,13.2,Prishtina,42.6629,21.1655
2025-07-12,21.1,11.3,30.1,0.0,3.1000000000000014,18.8,Prishtina,42.6629,21.1655
2025-07-13,25.1,16.4,33.0,0.0,7.100000000000001,16.6,Prishtina,42.6629,21.1655
2025-07-14,26.4,17.9,34.2,0.0,8.399999999999999,16.300000000000004,Prishtina,42.6629,21.1655
2025-07-15,24.4,20.7,28.7,0.0,6.399999999999999,8.0,Prishtina,42.6629,21.1655
2025-07-16,23.3,16.7,29.8,0.0,5.300000000000001,13.100000000000001,Prishtina,42.6629,21.1655
2025-07-17,20.8,14.8,31.0,0.0,2.8000000000000007,16.2,Prishtina,42.6629,21.1655
2025-07-18,19.9,12.8,27.8,0.0,1.8999999999999986,15.0,Prishtina,42.6629,21.1655
2025-07-19,22.4,13.6,30.8,0.0,4.399999999999999,17.200000000000003,Prishtina,42.6629,21.1655
2025-07-20,25.5,17.5,32.5,0.0,7.5,15.0,Prishtina,42.6629,21.1655
2025-07-21,27.8,19.0,36.6,0.0,9.8,17.6,Prishtina,42.6629,21.1655
2025-07-22,27.8,19.9,36.9,0.0,9.8,17.0,Prishtina,42.6629,21.1655
2025-07-23,26.3,19.0,33.5,0.0,8.3,14.5,Prishtina,42.6629,21.1655
2025-07-24,28.3,20.0,36.3,0.0,10.3,16.299999999999997,Prishtina,42.6629,21.1655
2025-07-25,29.7,21.3,37.8,0.0,11.7,16.499999999999996,Prishtina,42.6629,21.1655
2025-07-26,31.4,22.2,39.8,0.0,13.399999999999999,17.599999999999998,Prishtina,42.6629,21.1655
2025-07-27,26.2,20.8,32.8,0.0,8.2,11.999999999999996,Prishtina,42.6629,21.1655
2025-07-28,22.0,17.7,27.1,0.0,4.0,9.400000000000002,Prishtina,42.6629,21.1655
2025-07-29,19.8,17.2,24.3,0.0,1.8000000000000007,7.100000000000001,Prishtina,42.6629,21.1655
2025-07-30,19.1,14.8,24.3,0.0,1.1000000000000014,9.5,Prishtina,42.6629,21.1655
2025-07-31,19.4,13.3,25.5,0.0,1.3999999999999986,12.2,Prishtina,42.6629,21.1655
2025-08-01,20.6,13.2,28.4,0.0,2.6000000000000014,15.2,Prishtina,42.6629,21.1655
2025-08-02,23.3,14.1,31.3,0.0,5.300000000000001,17.200000000000003,Prishtina,42.6629,21.1655
2025-08-03,25.6,19.0,32.6,0.0,7.600000000000001,13.600000000000001,Prishtina,42.6629,21.1655
2025-08-04,20.3,16.8,24.9,0.0,2.3000000000000007,8.099999999999998,Prishtina,42.6629,21.1655
2025-08-05,19.4,15.1,24.2,0.0,1.3999999999999986,9.1,Prishtina,42.6629,21.1655
2025-08-06,21.0,14.5,27.4,0.0,3.0,12.899999999999999,Prishtina,42.6629,21.1655
2025-08-07,21.9,15.1,29.0,0.0,3.8999999999999986,13.9,Prishtina,42.6629,21.1655
2025-08-08,23.9,15.9,32.1,0.0,5.899999999999999,16.200000000000003,Prishtina,42.6629,21.1655
2025-08-09,25.4,17.3,34.0,0.0,7.399999999999999,16.7,Prishtina,42.6629,21.1655
2025-08-10,26.8,16.6,36.3,0.0,8.8,19.699999999999996,Prishtina,42.6629,21.1655
2025-08-11,26.6,18.0,34.5,0.0,8.600000000000001,16.5,Prishtina,42.6629,21.1655
2025-08-12,26.3,18.8,33.5,0.0,8.3,14.7,Prishtina,42.6629,21.1655
2025-08-13,26.8,19.5,33.8,0.0,8.8,14.299999999999997,Prishtina,42.6629,21.1655
2025-08-14,25.6,18.6,32.5,0.0,7.600000000000001,13.899999999999999,Prishtina,42.6629,21.1655
2025-08-15,24.6,19.6,31.2,0.0,6.600000000000001,11.599999999999998,Prishtina,42.6629,21.1655
2025-08-16,24.9,17.4,32.1,0.0,6.899999999999999,14.700000000000003,Prishtina,42.6629,21.1655
2025-08-17,23.1,15.8,29.7,0.0,5.100000000000001,13.899999999999999,Prishtina,42.6629,21.1655
2025-08-18,20.8,16.0,26.9,0.0,2.8000000000000007,10.899999999999999,Prishtina,42.6629,21.1655
2025-08-19,20.6,13.7,27.7,0.0,2.6000000000000014,14.0,Prishtina,42.6629,21.1655
2025-08-20,22.7,14.9,31.0,0.0,4.699999999999999,16.1,Prishtina,42.6629,21.1655
2025-08-21,25.3,16.9,33.7,0.0,7.300000000000001,16.800000000000004,Prishtina,42.6629,21.1655
2025-08-22,23.0,17.6,28.2,0.0,5.0,10.599999999999998,Prishtina,42.6629,21.1655
2025-08-23,18.1,14.5,22.5,0.0,0.10000000000000142,8.0,Prishtina,42.6629,21.1655
2025-08-24,16.3,11.1,21.2,1.6999999999999993,0.0,10.1,Prishtina,42.6629,21.1655
2025-08-25,16.8,11.5,23.2,1.1999999999999993,0.0,11.7,Prishtina,42.6629,21.1655
2025-08-26,17.9,9.6,26.8,0.10000000000000142,0.0,17.200000000000003,Prishtina,42.6629,21.1655
2025-08-27,19.6,10.9,29.5,0.0,1.6000000000000014,18.6,Prishtina,42.6629,21.1655
2025-08-28,22.2,13.3,32.1,0.0,4.199999999999999,18.8,Prishtina,42.6629,21.1655
2025-08-29,25.2,16.7,34.0,0.0,7.199999999999999,17.3,Prishtina,42.6629,21.1655
2025-08-30,22.6,17.7,32.6,0.0,4.600000000000001,14.900000000000002,Prishtina,42.6629,21.1655
2025-08-31,19.3,13.7,25.5,0.0,1.3000000000000007,11.8,Prishtina,42.6629,21.1655
2025-09-01,19.6,12.6,26.8,0.0,1.6000000000000014,14.200000000000001,Prishtina,42.6629,21.1655
2025-09-02,22.7,13.6,31.8,0.0,4.699999999999999,18.200000000000003,Prishtina,42.6629,21.1655
2025-09-03,22.0,17.4,30.0,0.0,4.0,12.600000000000001,Prishtina,42.6629,21.1655
2025-09-04,19.7,14.1,26.9,0.0,1.6999999999999993,12.799999999999999,Prishtina,42.6629,21.1655
2025-09-05,20.2,13.3,28.2,0.0,2.1999999999999993,14.899999999999999,Prishtina,42.6629,21.1655
2025-09-06,19.8,12.5,27.6,0.0,1.8000000000000007,15.100000000000001,Prishtina,42.6629,21.1655
2025-09-07,19.8,13.0,26.9,0.0,1.8000000000000007,13.899999999999999,Prishtina,42.6629,21.1655
2025-09-08,21.3,14.0,29.8,0.0,3.3000000000000007,15.8,Prishtina,42.6629,21.1655
2025-09-09,23.2,17.1,30.6,0.0,5.199999999999999,13.5,Prishtina,42.6629,21.1655
2025-09-10,23.6,15.6,31.1,0.0,5.600000000000001,15.500000000000002,Prishtina,42.6629,21.1655
2025-09-11,21.3,17.4,27.3,0.0,3.3000000000000007,9.900000000000002,Prishtina,42.6629,21.1655
2025-09-12,19.4,13.5,25.7,0.0,1.3999999999999986,12.2,Prishtina,42.6629,21.1655
2025-09-13,20.3,12.8,29.3,0.0,2.3000000000000007,16.5,Prishtina,42.6629,21.1655
2025-09-14,22.3,16.7,29.6,0.0,4.300000000000001,12.900000000000002,Prishtina,42.6629,21.1655
2025-09-15,19.2,14.5,25.4,0.0,1.1999999999999993,10.899999999999999,Prishtina,42.6629,21.1655
2025-09-16,20.6,12.5,30.1,0.0,2.6000000000000014,17.6,Prishtina,42.6629,21.1655
2025-09-17,15.9,11.3,21.0,2.0999999999999996,0.0,9.7,Prishtina,42.6629,21.1655
2025-09-18,13.6,6.8,20.3,4.4,0.0,13.5,Prishtina,42.6629,21.1655
2025-09-19,15.7,8.8,23.0,2.3000000000000007,0.0,14.2,Prishtina,42.6629,21.1655
2025-09-20,18.2,11.2,26.4,0.0,0.1999999999999993,15.2,Prishtina,42.6629,21.1655
2025-09-21,19.4,12.1,28.4,0.0,1.3999999999999986,16.299999999999997,Prishtina,42.6629,21.1655
2025-09-22,20.4,13.2,29.5,0.0,2.3999999999999986,16.3,Prishtina,42.6629,21.1655
2025-09-23,21.0,13.8,29.9,0.0,3.0,16.099999999999998,Prishtina,42.6629,21.1655
2025-09-24,21.4,14.1,29.3,0.0,3.3999999999999986,15.200000000000001,Prishtina,42.6629,21.1655
2025-09-25,19.8,16.0,26.0,0.0,1.8000000000000007,10.0,Prishtina,42.6629,21.1655
2025-09-26,16.5,13.3,21.3,1.5,0.0,8.0,Prishtina,42.6629,21.1655
2025-09-27,14.5,11.3,19.3,3.5,0.0,8.0,Prishtina,42.6629,21.1655
2025-09-28,13.3,10.7,18.2,4.699999999999999,0.0,7.5,Prishtina,42.6629,21.1655
2025-09-29,11.6,9.1,15.9,6.4,0.0,6.800000000000001,Prishtina,42.6629,21.1655
2025-09-30,11.4,6.3,18.4,6.6,0.0,12.099999999999998,Prishtina,42.6629,21.1655
2025-10-01,10.0,6.9,15.1,8.0,0.0,8.2,Prishtina,42.6629,21.1655
2025-10-02,4.2,1.5,6.9,13.8,0.0,5.4,Prishtina,42.6629,21.1655
2025-10-03,1.7,0.9,2.7,16.3,0.0,1.8000000000000003,Prishtina,42.6629,21.1655
2025-10-04,5.4,2.3,10.0,12.6,0.0,7.7,Prishtina,42.6629,21.1655
2025-10-05,9.5,2.6,17.3,8.5,0.0,14.700000000000001,Prishtina,42.6629,21.1655
2025-10-06,7.9,3.7,10.7,10.1,0.0,6.999999999999999,Prishtina,42.6629,21.1655
2025-10-07,8.4,5.0,11.6,9.6,0.0,6.6,Prishtina,42.6629,21.1655
2025-10-08,9.5,8.2,11.6,8.5,0.0,3.4000000000000004,Prishtina,42.6629,21.1655
2025-10-09,10.7,5.7,17.7,7.300000000000001,0.0,12.0,Prishtina,42.6629,21.1655
2025-10-10,11.1,7.0,16.6,6.9,0.0,9.600000000000001,Prishtina,42.6629,21.1655
2025-10-11,10.9,7.8,15.8,7.1,0.0,8.0,Prishtina,42.6629,21.1655
2025-10-12,10.5,5.5,15.7,7.5,0.0,10.2,Prishtina,42.6629,21.1655
2025-10-13,8.9,3.9,15.8,9.1,0.0,11.9,Prishtina,42.6629,21.1655
2025-10-14,9.2,5.5,14.3,8.8,0.0,8.8,Prishtina,42.6629,21.1655
2025-10-15,9.2,4.5,14.9,8.8,0.0,10.4,Prishtina,42.6629,21.1655
2025-10-16,9.4,2.6,16.6,8.6,0.0,14.000000000000002,Prishtina,42.6629,21.1655
2025-10-17,10.9,8.4,14.1,7.1,0.0,5.699999999999999,Prishtina,42.6629,21.1655
2025-10-18,10.5,9.5,13.1,7.5,0.0,3.5999999999999996,Prishtina,42.6629,21.1655
2025-10-19,8.8,4.1,13.4,9.2,0.0,9.3,Prishtina,42.6629,21.1655
2025-10-20,7.4,1.4,15.5,10.6,0.0,14.1,Prishtina,42.6629,21.1655
2025-10-21,10.4,5.5,16.4,7.6,0.0,10.899999999999999,Prishtina,42.6629,21.1655
2025-10-22,11.7,8.2,15.8,6.300000000000001,0.0,7.600000000000001,Prishtina,42.6629,21.1655
2025-10-23,13.2,8.5,19.8,4.800000000000001,0.0,11.3,Prishtina,42.6629,21.1655
2025-10-24,13.3,6.1,19.1,4.699999999999999,0.0,13.000000000000002,Prishtina,42.6629,21.1655
2025-10-25,10.7,5.5,16.8,7.300000000000001,0.0,11.3,Prishtina,42.6629,21.1655
2025-10-26,10.2,9.1,12.1,7.800000000000001,0.0,3.0,Prishtina,42.6629,21.1655
2025-10-27,9.5,7.3,12.4,8.5,0.0,5.1000000000000005,Prishtina,42.6629,21.1655
2025-10-28,9.1,4.2,14.3,8.9,0.0,10.100000000000001,Prishtina,42.6629,21.1655
2025-10-29,8.2,2.9,16.4,9.8,0.0,13.499999999999998,Prishtina,42.6629,21.1655
2025-10-30,9.8,4.1,17.7,8.2,0.0,13.6,Prishtina,42.6629,21.1655
2025-10-31,10.0,5.5,17.6,8.0,0.0,12.100000000000001,Prishtina,42.6629,21.1655
2025-11-01,9.9,3.5,18.7,8.1,0.0,15.2,Prishtina,42.6629,21.1655
2025-11-02,11.9,6.3,19.4,6.1,0.0,13.099999999999998,Prishtina,42.6629,21.1655
2025-11-03,12.1,7.9,18.9,5.9,0.0,10.999999999999998,Prishtina,42.6629,21.1655
2025-11-04,7.8,6.5,10.1,10.2,0.0,3.5999999999999996,Prishtina,42.6629,21.1655
2025-11-05,8.5,6.6,11.2,9.5,0.0,4.6,Prishtina,42.6629,21.1655
2025-11-06,8.5,5.6,11.4,9.5,0.0,5.800000000000001,Prishtina,42.6629,21.1655
2025-11-07,7.1,5.1,8.9,10.9,0.0,3.8000000000000007,Prishtina,42.6629,21.1655
2025-11-08,9.9,6.7,14.5,8.1,0.0,7.8,Prishtina,42.6629,21.1655
2025-11-09,10.3,6.6,15.2,7.699999999999999,0.0,8.6,Prishtina,42.6629,21.1655
2025-11-10,11.2,7.6,16.3,6.800000000000001,0.0,8.700000000000001,Prishtina,42.6629,21.1655
2025-11-11,7.7,3.5,12.1,10.3,0.0,8.6,Prishtina,42.6629,21.1655
2025-11-12,5.5,0.8,12.6,12.5,0.0,11.799999999999999,Prishtina,42.6629,21.1655
2025-11-13,6.3,1.1,13.3,11.7,0.0,12.200000000000001,Prishtina,42.6629,21.1655
2025-11-14,5.4,0.5,12.5,12.6,0.0,12.0,Prishtina,42.6629,21.1655
2025-11-15,4.8,-0.1,12.8,13.2,0.0,12.9,Prishtina,42.6629,21.1655
2025-11-16,6.0,1.5,13.8,12.0,0.0,12.3,Prishtina,42.6629,21.1655
2025-11-17,10.3,4.9,16.7,7.699999999999999,0.0,11.799999999999999,Prishtina,42.6629,21.1655
2025-11-18,6.7,2.5,11.3,11.3,0.0,8.8,Prishtina,42.6629,21.1655
2025-11-19,5.0,2.2,8.4,13.0,0.0,6.2,Prishtina,42.6629,21.1655
2025-11-20,8.9,4.9,13.8,9.1,0.0,8.9,Prishtina,42.6629,21.1655
2025-11-21,11.1,8.7,15.1,6.9,0.0,6.4,Prishtina,42.6629,21.1655
2025-11-22,8.2,4.7,13.4,9.8,0.0,8.7,Prishtina,42.6629,21.1655
2025-11-23,2.7,0.6,5.2,15.3,0.0,4.6000000000000005,Prishtina,42.6629,21.1655
2025-11-24,3.5,-0.9,9.0,14.5,0.0,9.9,Prishtina,42.6629,21.1655
2025-11-25,7.7,3.7,10.7,10.3,0.0,6.999999999999999,Prishtina,42.6629,21.1655
2025-11-26,9.1,5.9,11.6,8.9,0.0,5.699999999999999,Prishtina,42.6629,21.1655
2025-11-27,1.6,-0.4,5.1,16.4,0.0,5.5,Prishtina,42.6629,21.1655
2025-11-28,0.1,-0.8,1.6,17.9,0.0,2.4000000000000004,Prishtina,42.6629,21.1655
2025-11-29,0.2,-0.7,2.7,17.8,0.0,3.4000000000000004,Prishtina,42.6629,21.1655
2025-11-30,1.2,-2.7,5.3,16.8,0.0,8.0,Prishtina,42.6629,21.1655
2025-12-01,3.9,0.3,9.8,14.1,0.0,9.5,Prishtina,42.6629,21.1655
2025-12-02,1.8,-1.7,7.8,16.2,0.0,9.5,Prishtina,42.6629,21.1655
2025-12-03,5.0,0.1,9.9,13.0,0.0,9.8,Prishtina,42.6629,21.1655
2025-12-04,8.8,5.0,11.9,9.2,0.0,6.9,Prishtina,42.6629,21.1655
2025-12-05,8.3,6.7,10.2,9.7,0.0,3.499999999999999,Prishtina,42.6629,21.1655
2025-12-06,6.1,3.7,8.1,11.9,0.0,4.3999999999999995,Prishtina,42.6629,21.1655
2025-12-07,4.1,2.9,6.7,13.9,0.0,3.8000000000000003,Prishtina,42.6629,21.1655
2025-12-08,4.5,2.5,7.4,13.5,0.0,4.9,Prishtina,42.6629,21.1655
2025-12-09,2.9,-1.2,8.9,15.1,0.0,10.1,Prishtina,42.6629,21.1655
2025-12-10,3.3,-1.0,10.0,14.7,0.0,11.0,Prishtina,42.6629,21.1655
2025-12-11,3.0,-0.4,11.0,15.0,0.0,11.4,Prishtina,42.6629,21.1655
2025-12-12,1.9,-0.9,5.8,16.1,0.0,6.7,Prishtina,42.6629,21.1655
2025-12-13,2.7,-0.7,8.0,15.3,0.0,8.7,Prishtina,42.6629,21.1655
2025-12-14,0.1,-2.8,6.4,17.9,0.0,9.2,Prishtina,42.6629,21.1655
2025-12-15,0.7,-3.8,8.2,17.3,0.0,12.0,Prishtina,42.6629,21.1655
2025-12-16,0.6,-4.8,8.0,17.4,0.0,12.8,Prishtina,42.6629,21.1655
2025-12-17,1.7,-2.1,8.5,16.3,0.0,10.6,Prishtina,42.6629,21.1655
2025-12-18,2.5,-2.1,9.2,15.5,0.0,11.299999999999999,Prishtina,42.6629,21.1655
2025-12-19,1.6,-2.3,7.3,16.4,0.0,9.6,Prishtina,42.6629,21.1655
2025-12-20,0.8,-1.8,6.6,17.2,0.0,8.4,Prishtina,42.6629,21.1655
2025-12-21,0.5,-1.9,4.9,17.5,0.0,6.800000000000001,Prishtina,42.6629,21.1655
2025-12-22,1.3,-1.5,5.7,16.7,0.0,7.2,Prishtina,42.6629,21.1655
2025-12-23,1.5,-0.8,5.3,16.5,0.0,6.1,Prishtina,42.6629,21.1655
2025-12-24,5.0,2.4,8.8,13.0,0.0,6.4,Prishtina,42.6629,21.1655
2025-12-25,0.7,-1.4,4.2,17.3,0.0,5.6,Prishtina,42.6629,21.1655
2025-12-26,-0.6,-2.5,3.2,18.6,0.0,5.7,Prishtina,42.6629,21.1655
2025-12-27,-0.4,-3.5,5.2,18.4,0.0,8.7,Prishtina,42.6629,21.1655
2025-12-28,-0.6,-4.7,5.0,18.6,0.0,9.7,Prishtina,42.6629,21.1655
2025-12-29,-1.0,-5.0,5.2,19.0,0.0,10.2,Prishtina,42.6629,21.1655
2025-12-30,-0.9,-4.5,4.6,18.9,0.0,9.1,Prishtina,42.6629,21.1655
2025-12-31,-5.0,-8.1,-1.6,23.0,0.0,6.5,Prishtina,42.6629,21.1655
2026-01-01,-4.6,-9.6,2.6,22.6,0.0,12.2,Prishtina,42.6629,21.1655
2026-01-02,-0.6,-6.8,4.3,18.6,0.0,11.1,Prishtina,42.6629,21.1655
2026-01-03,4.4,0.4,10.3,13.6,0.0,9.9,Prishtina,42.6629,21.1655
2026-01-04,5.9,-1.5,11.7,12.1,0.0,13.2,Prishtina,42.6629,21.1655
2026-01-05,7.1,-0.1,12.4,10.9,0.0,12.5,Prishtina,42.6629,21.1655
2026-01-06,7.5,6.3,8.6,10.5,0.0,2.3,Prishtina,42.6629,21.1655
2026-01-07,5.9,-3.1,9.7,12.1,0.0,12.799999999999999,Prishtina,42.6629,21.1655
2026-01-08,-4.7,-8.6,-2.0,22.7,0.0,6.6,Prishtina,42.6629,21.1655
2026-01-09,-1.8,-8.5,2.6,19.8,0.0,11.1,Prishtina,42.6629,21.1655
2026-01-10,1.2,-0.8,3.6,16.8,0.0,4.4,Prishtina,42.6629,21.1655
2026-01-11,-3.1,-6.8,-0.7,21.1,0.0,6.1,Prishtina,42.6629,21.1655
2026-01-12,-4.8,-7.2,-0.8,22.8,0.0,6.4,Prishtina,42.6629,21.1655
2026-01-13,-0.7,-5.6,5.3,18.7,0.0,10.899999999999999,Prishtina,42.6629,21.1655
2026-01-14,1.3,-2.1,7.4,16.7,0.0,9.5,Prishtina,42.6629,21.1655
2026-01-15,3.1,-0.4,9.1,14.9,0.0,9.5,Prishtina,42.6629,21.1655
2026-01-16,3.1,0.2,9.6,14.9,0.0,9.4,Prishtina,42.6629,21.1655
2026-01-17,1.3,-1.0,5.8,16.7,0.0,6.8,Prishtina,42.6629,21.1655
2026-01-18,-2.3,-5.3,1.6,20.3,0.0,6.9,Prishtina,42.6629,21.1655
2026-01-19,-4.1,-7.3,1.1,22.1,0.0,8.4,Prishtina,42.6629,21.1655
2026-01-20,-2.4,-7.1,4.1,20.4,0.0,11.2,Prishtina,42.6629,21.1655
2026-01-21,0.3,-2.4,2.5,17.7,0.0,4.9,Prishtina,42.6629,21.1655
2026-01-22,1.7,-1.1,6.4,16.3,0.0,7.5,Prishtina,42.6629,21.1655
2026-01-23,1.5,-1.9,7.8,16.5,0.0,9.7,Prishtina,42.6629,21.1655
2026-01-24,2.8,-0.8,7.9,15.2,0.0,8.700000000000001,Prishtina,42.6629,21.1655
2026-01-25,6.9,3.9,9.9,11.1,0.0,6.0,Prishtina,42.6629,21.1655
2026-01-26,8.2,5.5,10.4,9.8,0.0,4.9,Prishtina,42.6629,21.1655
2026-01-27,4.5,0.6,8.7,13.5,0.0,8.1,Prishtina,42.6629,21.1655
2026-01-28,3.1,-2.2,8.8,14.9,0.0,11.0,Prishtina,42.6629,21.1655
2026-01-29,6.2,3.6,10.0,11.8,0.0,6.4,Prishtina,42.6629,21.1655
2026-01-30,5.2,3.5,7.8,12.8,0.0,4.3,Prishtina,42.6629,21.1655
2026-01-31,3.9,1.5,7.7,14.1,0.0,6.2,Prishtina,42.6629,21.1655
2026-02-01,1.1,-2.5,2.7,16.9,0.0,5.2,Prishtina,42.6629,21.1655
2026-02-02,-1.3,-3.9,3.2,19.3,0.0,7.1,Prishtina,42.6629,21.1655
2026-02-03,3.3,-0.9,8.7,14.7,0.0,9.6,Prishtina,42.6629,21.1655
2026-02-04,7.0,4.5,10.6,11.0,0.0,6.1,Prishtina,42.6629,21.1655
2026-02-05,8.2,3.8,12.5,9.8,0.0,8.7,Prishtina,42.6629,21.1655
2026-02-06,4.8,1.4,7.6,13.2,0.0,6.199999999999999,Prishtina,42.6629,21.1655
2026-02-07,6.6,3.4,12.5,11.4,0.0,9.1,Prishtina,42.6629,21.1655
2026-02-08,5.8,2.6,10.9,12.2,0.0,8.3,Prishtina,42.6629,21.1655
2026-02-09,4.9,1.1,10.8,13.1,0.0,9.700000000000001,Prishtina,42.6629,21.1655
2026-02-10,4.5,1.1,8.9,13.5,0.0,7.800000000000001,Prishtina,42.6629,21.1655
2026-02-11,6.1,3.1,9.5,11.9,0.0,6.4,Prishtina,42.6629,21.1655
2026-02-12,7.3,4.2,11.7,10.7,0.0,7.499999999999999,Prishtina,42.6629,21.1655
2026-02-13,6.8,2.7,11.4,11.2,0.0,8.7,Prishtina,42.6629,21.1655
2026-02-14,5.9,0.5,11.2,12.1,0.0,10.7,Prishtina,42.6629,21.1655
2026-02-15,7.5,1.7,12.4,10.5,0.0,10.700000000000001,Prishtina,42.6629,21.1655
2026-02-16,3.7,-0.8,10.1,14.3,0.0,10.9,Prishtina,42.6629,21.1655
2026-02-17,3.3,1.1,7.3,14.7,0.0,6.199999999999999,Prishtina,42.6629,21.1655
2026-02-18,2.6,0.3,6.5,15.4,0.0,6.2,Prishtina,42.6629,21.1655
2026-02-19,4.0,-2.5,10.4,14.0,0.0,12.9,Prishtina,42.6629,21.1655
2026-02-20,6.2,3.3,8.9,11.8,0.0,5.6000000000000005,Prishtina,42.6629,21.1655
2026-02-21,1.3,-0.2,3.2,16.7,0.0,3.4000000000000004,Prishtina,42.6629,21.1655
2026-02-22,1.8,-0.7,5.8,16.2,0.0,6.5,Prishtina,42.6629,21.1655
2026-02-23,3.5,-1.4,10.8,14.5,0.0,12.200000000000001,Prishtina,42.6629,21.1655
2026-02-24,4.6,0.4,12.1,13.4,0.0,11.7,Prishtina,42.6629,21.1655
2026-02-25,4.4,-0.2,10.9,13.6,0.0,11.1,Prishtina,42.6629,21.1655
2026-02-26,4.0,-0.7,10.0,14.0,0.0,10.7,Prishtina,42.6629,21.1655
2026-02-27,3.2,-1.8,12.7,14.8,0.0,14.5,Prishtina,42.6629,21.1655
2026-02-28,3.6,-1.8,12.9,14.4,0.0,14.700000000000001,Prishtina,42.6629,21.1655
2026-03-01,4.4,-1.5,13.5,13.6,0.0,15.0,Prishtina,42.6629,21.1655
2026-03-02,6.2,1.0,14.2,11.8,0.0,13.2,Prishtina,42.6629,21.1655
2026-03-03,6.8,1.6,13.7,11.2,0.0,12.1,Prishtina,42.6629,21.1655
2026-03-04,6.2,0.7,13.8,11.8,0.0,13.100000000000001,Prishtina,42.6629,21.1655
2026-03-05,6.5,3.1,10.9,11.5,0.0,7.800000000000001,Prishtina,42.6629,21.1655
2026-03-06,4.8,-0.5,13.6,13.2,0.0,14.1,Prishtina,42.6629,21.1655
2026-03-07,5.4,-0.3,14.4,12.6,0.0,14.700000000000001,Prishtina,42.6629,21.1655
2026-03-08,6.5,1.8,14.0,11.5,0.0,12.2,Prishtina,42.6629,21.1655
2026-03-09,6.0,0.1,13.2,12.0,0.0,13.1,Prishtina,42.6629,21.1655
2026-03-10,7.1,1.8,13.8,10.9,0.0,12.0,Prishtina,42.6629,21.1655
2026-03-11,7.1,1.3,14.4,10.9,0.0,13.1,Prishtina,42.6629,21.1655
2026-03-12,7.0,1.4,15.2,11.0,0.0,13.799999999999999,Prishtina,42.6629,21.1655
2026-03-13,5.6,-0.7,15.0,12.4,0.0,15.7,Prishtina,42.6629,21.1655
2026-03-14,6.1,-0.6,14.8,11.9,0.0,15.4,Prishtina,42.6629,21.1655
2026-03-15,6.1,-1.4,14.6,11.9,0.0,16.0,Prishtina,42.6629,21.1655
2026-03-16,5.4,-1.6,13.9,12.6,0.0,15.5,Prishtina,42.6629,21.1655
2026-03-17,5.6,0.7,11.9,12.4,0.0,11.200000000000001,Prishtina,42.6629,21.1655
2026-03-18,6.3,3.2,10.0,11.7,0.0,6.8,Prishtina,42.6629,21.1655
2026-03-19,5.9,2.8,10.2,12.1,0.0,7.3999999999999995,Prishtina,42.6629,21.1655
2026-03-20,3.3,-1.8,7.6,14.7,0.0,9.4,Prishtina,42.6629,21.1655
2026-03-21,4.4,-1.3,10.2,13.6,0.0,11.5,Prishtina,42.6629,21.1655
2026-03-22,5.9,-0.6,12.2,12.1,0.0,12.799999999999999,Prishtina,42.6629,21.1655
2026-03-23,6.6,0.4,12.7,11.4,0.0,12.299999999999999,Prishtina,42.6629,21.1655
2026-03-24,6.3,1.7,11.4,11.7,0.0,9.700000000000001,Prishtina,42.6629,21.1655
2026-03-25,7.9,1.6,14.4,10.1,0.0,12.8,Prishtina,42.6629,21.1655
2026-03-26,9.4,3.1,14.4,8.6,0.0,11.3,Prishtina,42.6629,21.1655
2026-03-27,5.0,0.7,10.5,13.0,0.0,9.8,Prishtina,42.6629,21.1655
2026-03-28,2.9,1.2,4.6,15.1,0.0,3.3999999999999995,Prishtina,42.6629,21.1655
2026-03-29,4.6,1.4,9.1,13.4,0.0,7.699999999999999,Prishtina,42.6629,21.1655
2026-03-30,5.7,2.3,9.6,12.3,0.0,7.3,Prishtina,42.6629,21.1655
2026-03-31,4.0,1.9,6.6,14.0,0.0,4.699999999999999,Prishtina,42.6629,21.1655
2026-04-01,5.0,2.5,8.2,13.0,0.0,5.699999999999999,Prishtina,42.6629,21.1655
2026-04-02,5.5,4.5,6.7,12.5,0.0,2.2,Prishtina,42.6629,21.1655
2026-04-03,6.7,4.3,10.3,11.3,0.0,6.000000000000001,Prishtina,42.6629,21.1655
2026-04-04,8.9,5.2,13.2,9.1,0.0,7.999999999999999,Prishtina,42.6629,21.1655
2026-04-05,8.8,1.9,15.8,9.2,0.0,13.9,Prishtina,42.6629,21.1655
2026-04-06,11.3,4.0,19.5,6.699999999999999,0.0,15.5,Prishtina,42.6629,21.1655
2026-04-07,12.3,6.0,18.9,5.699999999999999,0.0,12.899999999999999,Prishtina,42.6629,21.1655
2026-04-08,9.3,5.1,13.8,8.7,0.0,8.700000000000001,Prishtina,42.6629,21.1655
2026-04-09,6.4,0.9,12.9,11.6,0.0,12.0,Prishtina,42.6629,21.1655
2026-04-10,6.0,-1.8,13.9,12.0,0.0,15.700000000000001,Prishtina,42.6629,21.1655
2026-04-11,8.8,5.4,14.4,9.2,0.0,9.0,Prishtina,42.6629,21.1655
2026-04-12,10.0,3.0,17.1,8.0,0.0,14.100000000000001,Prishtina,42.6629,21.1655
2026-04-13,12.2,6.5,18.8,5.800000000000001,0.0,12.3,Prishtina,42.6629,21.1655
2026-04-14,13.8,9.4,18.9,4.199999999999999,0.0,9.499999999999998,Prishtina,42.6629,21.1655
2026-04-15,14.2,9.1,20.8,3.8000000000000007,0.0,11.700000000000001,Prishtina,42.6629,21.1655
2026-04-16,14.5,8.7,20.5,3.5,0.0,11.8,Prishtina,42.6629,21.1655
2026-04-17,14.4,8.1,20.1,3.5999999999999996,0.0,12.000000000000002,Prishtina,42.6629,21.1655
2026-04-18,12.9,6.3,17.9,5.1,0.0,11.599999999999998,Prishtina,42.6629,21.1655
2026-04-19,12.0,4.0,19.7,6.0,0.0,15.7,Prishtina,42.6629,21.1655
2026-04-20,12.9,8.2,19.3,5.1,0.0,11.100000000000001,Prishtina,42.6629,21.1655
2026-04-21,8.1,6.7,9.8,9.9,0.0,3.1000000000000005,Prishtina,42.6629,21.1655
2026-04-22,7.9,4.7,11.4,10.1,0.0,6.7,Prishtina,42.6629,21.1655
2026-04-23,7.6,0.6,13.3,10.4,0.0,12.700000000000001,Prishtina,42.6629,21.1655
2026-04-24,9.6,1.9,19.2,8.4,0.0,17.3,Prishtina,42.6629,21.1655
2026-04-25,11.2,4.0,18.7,6.800000000000001,0.0,14.7,Prishtina,42.6629,21.1655
2026-04-26,13.7,5.8,21.6,4.300000000000001,0.0,15.8,Prishtina,42.6629,21.1655
2026-04-27,12.3,4.9,19.8,5.699999999999999,0.0,14.9,Prishtina,42.6629,21.1655
2026-04-28,14.6,6.2,23.1,3.4000000000000004,0.0,16.900000000000002,Prishtina,42.6629,21.1655
2026-04-29,14.1,8.5,22.4,3.9000000000000004,0.0,13.899999999999999,Prishtina,42.6629,21.1655
2026-04-30,6.2,3.0,9.0,11.8,0.0,6.0,Prishtina,42.6629,21.1655
2026-05-01,6.2,0.1,11.4,11.8,0.0,11.3,Prishtina,42.6629,21.1655
2026-05-02,8.7,2.0,14.3,9.3,0.0,12.3,Prishtina,42.6629,21.1655
2026-05-03,9.6,4.9,14.5,8.4,0.0,9.6,Prishtina,42.6629,21.1655
2026-05-04,11.6,2.3,21.0,6.4,0.0,18.7,Prishtina,42.6629,21.1655
2026-05-05,15.8,7.0,24.5,2.1999999999999993,0.0,17.5,Prishtina,42.6629,21.1655
2026-05-06,17.3,10.8,24.7,0.6999999999999993,0.0,13.899999999999999,Prishtina,42.6629,21.1655
2026-05-07,14.7,11.9,19.1,3.3000000000000007,0.0,7.200000000000001,Prishtina,42.6629,21.1655
2026-05-08,14.2,10.6,18.8,3.8000000000000007,0.0,8.200000000000001,Prishtina,42.6629,21.1655
2026-05-09,13.4,11.0,16.9,4.6,0.0,5.899999999999999,Prishtina,42.6629,21.1655
2026-05-10,15.7,9.1,22.0,2.3000000000000007,0.0,12.9,Prishtina,42.6629,21.1655
2026-05-11,17.4,11.0,23.5,0.6000000000000014,0.0,12.5,Prishtina,42.6629,21.1655
2026-05-12,16.8,11.8,21.5,1.1999999999999993,0.0,9.7,Prishtina,42.6629,21.1655
2026-05-13,10.2,5.3,15.6,7.800000000000001,0.0,10.3,Prishtina,42.6629,21.1655
2026-05-14,13.2,5.6,20.5,4.800000000000001,0.0,14.9,Prishtina,42.6629,21.1655
2026-05-15,15.2,9.0,21.1,2.8000000000000007,0.0,12.100000000000001,Prishtina,42.6629,21.1655
2026-05-16,13.5,9.2,20.4,4.5,0.0,11.2,Prishtina,42.6629,21.1655
2026-05-17,11.7,8.4,15.1,6.300000000000001,0.0,6.699999999999999,Prishtina,42.6629,21.1655
2026-05-18,13.0,6.9,17.7,5.0,0.0,10.799999999999999,Prishtina,42.6629,21.1655
2026-05-19,11.4,6.6,16.3,6.6,0.0,9.700000000000001,Prishtina,42.6629,21.1655
2026-05-20,13.4,7.4,19.1,4.6,0.0,11.700000000000001,Prishtina,42.6629,21.1655
2026-05-21,15.3,8.2,21.2,2.6999999999999993,0.0,13.0,Prishtina,42.6629,21.1655
2026-05-22,16.4,11.6,21.0,1.6000000000000014,0.0,9.4,Prishtina,42.6629,21.1655
2026-05-23,16.8,12.4,22.4,1.1999999999999993,0.0,9.999999999999998,Prishtina,42.6629,21.1655
2026-05-24,17.3,12.2,24.1,0.6999999999999993,0.0,11.900000000000002,Prishtina,42.6629,21.1655
2026-05-25,19.5,11.7,26.0,0.0,1.5,14.3,Prishtina,42.6629,21.1655
2026-05-26,21.1,13.6,28.2,0.0,3.1000000000000014,14.6,Prishtina,42.6629,21.1655
2026-05-27,21.9,13.7,29.1,0.0,3.8999999999999986,15.400000000000002,Prishtina,42.6629,21.1655
2026-05-28,20.1,14.0,25.7,0.0,2.1000000000000014,11.7,Prishtina,42.6629,21.1655
2026-05-29,16.7,9.8,22.6,1.3000000000000007,0.0,12.8,Prishtina,42.6629,21.1655
2026-05-30,17.7,8.8,25.9,0.3000000000000007,0.0,17.099999999999998,Prishtina,42.6629,21.1655
2026-05-31,19.7,13.3,26.4,0.0,1.6999999999999993,13.099999999999998,Prishtina,42.6629,21.1655
2026-06-01,19.9,13.6,27.8,0.0,1.8999999999999986,14.200000000000001,Prishtina,42.6629,21.1655
2026-06-02,17.6,13.0,23.2,0.3999999999999986,0.0,10.2,Prishtina,42.6629,21.1655
2026-06-03,19.5,12.8,26.2,0.0,1.5,13.399999999999999,Prishtina,42.6629,21.1655
2026-06-04,16.2,13.9,20.3,1.8000000000000007,0.0,6.4,Prishtina,42.6629,21.1655
2026-06-05,19.1,11.0,26.5,0.0,1.1000000000000014,15.5,Prishtina,42.6629,21.1655
2026-06-06,21.0,15.7,27.9,0.0,3.0,12.2,Prishtina,42.6629,21.1655
2026-06-07,20.4,14.5,25.7,0.0,2.3999999999999986,11.2,Prishtina,42.6629,21.1655
2026-06-08,21.1,14.1,26.8,0.0,3.1000000000000014,12.700000000000001,Prishtina,42.6629,21.1655
2026-06-09,21.8,13.8,29.3,0.0,3.8000000000000007,15.5,Prishtina,42.6629,21.1655
2026-06-10,22.8,16.2,29.8,0.0,4.800000000000001,13.600000000000001,Prishtina,42.6629,21.1655
2026-06-11,20.6,12.3,28.1,0.0,2.6000000000000014,15.8,Prishtina,42.6629,21.1655
2026-06-12,14.0,10.2,18.1,4.0,0.0,7.900000000000002,Prishtina,42.6629,21.1655
2026-06-13,15.2,8.0,20.9,2.8000000000000007,0.0,12.899999999999999,Prishtina,42.6629,21.1655
2026-06-14,19.2,10.0,27.0,0.0,1.1999999999999993,17.0,Prishtina,42.6629,21.1655
2026-06-15,20.7,12.5,28.5,0.0,2.6999999999999993,16.0,Prishtina,42.6629,21.1655
2026-06-16,19.9,13.3,26.2,0.0,1.8999999999999986,12.899999999999999,Prishtina,42.6629,21.1655
2026-06-17,20.8,13.5,28.5,0.0,2.8000000000000007,15.0,Prishtina,42.6629,21.1655
2026-06-18,20.8,13.5,27.4,0.0,2.8000000000000007,13.899999999999999,Prishtina,42.6629,21.1655
2026-06-19,21.6,14.1,27.4,0.0,3.6000000000000014,13.299999999999999,Prishtina,42.6629,21.1655
2026-06-20,23.3,14.5,31.2,0.0,5.300000000000001,16.7,Prishtina,42.6629,21.1655
2026-06-21,23.7,17.0,30.9,0.0,5.699999999999999,13.899999999999999,Prishtina,42.6629,21.1655
2026-06-22,23.0,17.0,28.8,0.0,5.0,11.8,Prishtina,42.6629,21.1655
2026-06-23,21.6,17.1,27.1,0.0,3.6000000000000014,10.0,Prishtina,42.6629,21.1655
2026-06-24,21.6,15.8,27.4,0.0,3.6000000000000014,11.599999999999998,Prishtina,42.6629,21.1655
2026-06-25,22.7,16.6,28.4,0.0,4.699999999999999,11.799999999999997,Prishtina,42.6629,21.1655
2026-06-26,24.2,17.4,30.7,0.0,6.199999999999999,13.3,Prishtina,42.6629,21.1655
2026-06-27,25.5,17.4,32.9,0.0,7.5,15.5,Prishtina,42.6629,21.1655
2026-06-28,26.5,18.0,33.3,0.0,8.5,15.299999999999997,Prishtina,42.6629,21.1655
2026-06-29,27.2,18.0,35.3,0.0,9.2,17.299999999999997,Prishtina,42.6629,21.1655
2026-06-30,26.6,18.6,33.9,0.0,8.600000000000001,15.299999999999997,Prishtina,42.6629,21.1655
